name,sbm,dcbm,pabm,osc,tcsc,r-tcsc,gspc,sklearn
politicalBlogs,0.01305790003491622,0.0,0.0,1.1102230246251565e-16,0.014947271132229689,0.049661311480593565,1.1102230246251565e-16,5.421010862427522e-20
liveJournal-top2,0.0,0.00025084180166504437,0.0,0.0,0.0,0.0,0.0,1.1102230246251565e-16
citeseer,0.0015347134183092172,4.42176280836563e-05,0.1235930411421046,0.0,0.0026573105090793646,0.00817833626064721,0.0,0.0
cora,0.0018783642878330137,0.010821042488853405,0.004737187457399946,0.0002756925720705603,0.0010768959379564504,0.02195514688611427,0.0029339475247132647,0.00024043251405322374
mnist,0.01233130111388419,0.0195945634159182,0.0,0.00023335910908964412,7.541463693854612e-06,0.046381198930375477,0.00198469389970195,8.812572109082785e-05
fashionmnist,0.007691373848917193,0.010712844077217228,0.0008891408219184558,9.665555505513476e-05,0.03932102543923698,0.025800570252501057,0.0,0.0
cifar10,0.002034844966604911,0.0022906264175144124,0.00013017349357899872,1.841033662142166e-05,0.008406672433976086,0.03348863874086754,0.005027902715971755,0.0001600284522416892
