name,sbm,dcbm,pabm,osc,tcsc,gspc,sklearn
politicalBlogs,0.05300198123469659,0.8101380229389481,0.6587140405964398,0.8101381188525917,0.13853688577495643,0.8130898917143383,-0.00048249768943429917
liveJournal-top2,0.015352277255254006,0.04571327177231219,0.9684267316262927,0.028605375234655124,0.04900364497642473,0.03850167300527118,0.968426734265478
citeseer,-0.007111448433664404,0.1554778334399997,0.18970053409646942,0.24683441126364994,-0.007253760840993703,0.23422884137843175,0.2930018188900194
cora,0.019333963149125315,0.14544699734795996,0.21747803361615584,0.2097216890258422,0.009080553958731275,0.16685928118097093,-0.013113994112080387
mnist,0.15521971704134369,0.4695597340479064,0.7691377539710375,0.587547910860078,0.745371020378082,0.6252819527216494,0.7308229867469873
fashionmnist,0.02585191305788894,0.2561743458126805,0.4794298021282287,0.4379532437787895,0.4125064792267009,0.3438784531668252,0.44323239522647134
cifar10,0.006999048131914343,0.3246697391870798,0.5789927925088456,0.3143040004179567,0.2682782131390184,0.3999013708819411,0.47519485006255646
