name,sbm,dcbm,pabm,osc,tcsc,gspc,sklearn
politicalBlogs,0.6289689034369885,0.9500818330605565,0.9058919803600654,0.9500818330605565,0.6855973813420622,0.9509001636661211,0.5171849427168577
liveJournal-top2,0.5636297903109183,0.6080260303687636,0.9920462762111353,0.5856832971800434,0.6221981200289226,0.599060014461316,0.9920462762111353
citeseer,0.27033175355450234,0.37563981042654027,0.5010426540284361,0.5644549763033175,0.25146919431279624,0.514218009478673,0.5819905213270142
cora,0.3356136820925553,0.3617706237424547,0.4687323943661972,0.47356136820925554,0.28281690140845067,0.4203621730382293,0.27492957746478874
mnist,0.41844000000000003,0.54186,0.8834799999999999,0.7436,0.8549599999999999,0.7884800000000001,0.78454
fashionmnist,0.22972,0.41578,0.63154,0.6058600000000001,0.5462,0.5018,0.60252
cifar10,0.16304,0.45026,0.7445,0.5819,0.56258,0.61708,0.7123800000000001
