name,n,E,k,average degree,std-degree
politicalBlogs,1222,16714,2,27.355155482815057,38.40146553523781
liveJournal-top2,2766,24138,2,17.453362255965292,31.78837677438842
citeseer,2110,3668,6,3.476777251184834,3.997413979542609
cora,2485,5069,7,4.0796780684104625,5.405274409838582
mnist,10000,85938,10,17.1876,5.011806684220771
fashionmnist,10000,83486,10,16.6972,4.022997907034007
cifar10,10000,97044,10,19.4088,8.764866374337945
